{
  "model": "Memora",
  "steps": 100,
  "tokens_seen": 2048000,
  "wall_time": 63.441202163001435,
  "final_train_loss": 7.154239457845688,
  "val_loss": 7.061591430586212,
  "val_perplexity": 1166.2997747749048,
  "loss_history": [
    9.180564951896667,
    7.638841438293457,
    7.485350465774536,
    7.311529958248139,
    7.154239457845688
  ]
}