{
  "model": "GPT-2 Small",
  "steps": 100,
  "tokens_seen": 2048000,
  "wall_time": 36.103558376002184,
  "final_train_loss": 6.78085406422615,
  "val_loss": 6.707585120687679,
  "val_perplexity": 818.5914511014475,
  "loss_history": [
    8.721600306034087,
    7.159777718782425,
    6.937275952100753,
    6.853073275089264,
    6.78085406422615
  ]
}