{
  "model": "GPT-2 Small",
  "steps": 60,
  "tokens_seen": 983040,
  "wall_time": 39.12830781599996,
  "final_train_loss": 7.081137156486511,
  "val_loss": 6.990883373823322,
  "val_perplexity": 1086.680997863171,
  "loss_history": [
    8.728217607736587,
    7.21051579117775,
    7.081137156486511
  ]
}