{
  "model": "GPT-2 Small",
  "steps": 300,
  "tokens_seen": 14745600,
  "wall_time": 255.48990993199914,
  "final_train_loss": 5.837078957259655,
  "val_loss": 5.741003648734387,
  "val_perplexity": 311.3767671054816,
  "loss_history": [
    8.847985747456551,
    7.06313639730215,
    6.766393865644932,
    6.570501326024532,
    6.387337990105152,
    6.2829082131385805,
    6.165409672260284,
    6.070786342024803,
    6.000308734178543,
    5.960000433027744,
    5.905761210620403,
    5.898718526959419,
    5.8245516076684,
    5.850730168819427,
    5.837078957259655
  ]
}