{
  "model": "DeepSeek",
  "steps": 300,
  "tokens_seen": 14745600,
  "wall_time": 915.9256985310058,
  "final_train_loss": 5.456941628456116,
  "val_loss": 5.349189163726053,
  "val_perplexity": 210.4375982332496,
  "loss_history": [
    9.11748366355896,
    7.041692663729191,
    6.73090011626482,
    6.445949847996235,
    6.225029981136322,
    6.057762166857719,
    5.923535761237145,
    5.834798087179661,
    5.717304098606109,
    5.649106547236443,
    5.566184885799885,
    5.525570224225521,
    5.487165102362633,
    5.464724950492382,
    5.456941628456116
  ]
}