{
  "model": "GPT2",
  "steps": 300,
  "tokens_seen": 14745600,
  "wall_time": 227.8570737780028,
  "final_train_loss": 5.827857683598995,
  "val_loss": 5.734220869747209,
  "val_perplexity": 309.2719137596523,
  "loss_history": [
    8.805687594413758,
    7.048722828924656,
    6.778690566122532,
    6.5641431480646135,
    6.376238974928856,
    6.248491507768631,
    6.1513943269848825,
    6.065557883679867,
    6.002093422412872,
    5.967447182536125,
    5.908203053474426,
    5.878357310593128,
    5.845054043829441,
    5.840797729790211,
    5.827857683598995
  ]
}