{
  "model": "GPT2",
  "steps": 300,
  "tokens_seen": 14745600,
  "wall_time": 305.21073928999976,
  "final_train_loss": 5.8293822556734085,
  "val_loss": 5.745828139929124,
  "val_perplexity": 312.88263116974935,
  "loss_history": [
    8.932016289234161,
    7.060103051364422,
    6.761020332574844,
    6.559080819785595,
    6.390078398585319,
    6.263438120484352,
    6.16222492903471,
    6.086207419633865,
    6.026236012578011,
    5.956275308132172,
    5.944308783113956,
    5.8912807404994965,
    5.863838495314122,
    5.821238994598389,
    5.8293822556734085
  ]
}