{
  "model": "GPT-2 Small",
  "steps": 60,
  "tokens_seen": 983040,
  "wall_time": 39.63972959499915,
  "final_train_loss": 7.057705897092819,
  "val_loss": 6.975872078879934,
  "val_perplexity": 1070.4903343387723,
  "loss_history": [
    8.726856476068496,
    7.193394559621811,
    7.057705897092819
  ]
}