{
  "model": "Memora Flash",
  "steps": 60,
  "tokens_seen": 983040,
  "wall_time": 75.4844441919995,
  "final_train_loss": 7.528840363025665,
  "val_loss": 7.487969468851558,
  "val_perplexity": 1786.4210230605727,
  "loss_history": [
    9.036362338066102,
    7.5740930259227754,
    7.528840363025665
  ]
}