{
  "model": "GPT-2 Small",
  "steps": 100,
  "tokens_seen": 1638400,
  "wall_time": 30.689952412998537,
  "final_train_loss": 6.836361008882522,
  "val_loss": 6.7751614888509115,
  "val_perplexity": 875.820786907431,
  "loss_history": [
    9.04724737405777,
    7.162919443845749,
    6.982000720500946,
    6.858979254961014,
    6.836361008882522
  ]
}