{
  "model": "Memora",
  "steps": 60,
  "tokens_seen": 983040,
  "wall_time": 55.90077928399978,
  "final_train_loss": 7.4515312850475315,
  "val_loss": 7.31484085614564,
  "val_perplexity": 1502.4326740872139,
  "loss_history": [
    9.273274177312851,
    7.594530433416367,
    7.4515312850475315
  ]
}