{
  "model": "Memora",
  "steps": 100,
  "tokens_seen": 2048000,
  "wall_time": 62.56391936200089,
  "final_train_loss": 6.989113956689835,
  "val_loss": 6.922817502702985,
  "val_perplexity": 1015.1762306928748,
  "loss_history": [
    9.127532303333282,
    7.561668181419373,
    7.353825044631958,
    7.079487437009812,
    6.989113956689835
  ]
}