{
  "model": "Cortex",
  "steps": 300,
  "tokens_seen": 14745600,
  "wall_time": 523.5661114110007,
  "final_train_loss": 6.386996321380138,
  "val_loss": 6.272576614662453,
  "val_perplexity": 529.8408162115875,
  "loss_history": [
    8.806417354941368,
    7.387100943922997,
    7.127554541826248,
    7.005656492710114,
    6.872382947802544,
    6.780246391892433,
    6.727575109899044,
    6.652474281191826,
    6.579708757996559,
    6.5450596287846565,
    6.486913481354714,
    6.442547638714314,
    6.407745163142681,
    6.394440786540509,
    6.386996321380138
  ]
}