{
  "model": "GPT-2 Small",
  "steps": 60,
  "tokens_seen": 983040,
  "wall_time": 39.29677569899991,
  "final_train_loss": 7.0616184890270235,
  "val_loss": 6.972458174971283,
  "val_perplexity": 1066.842014252652,
  "loss_history": [
    8.998311305046082,
    7.209075152873993,
    7.0616184890270235
  ]
}