{
  "model": "GPT2",
  "steps": 300,
  "tokens_seen": 14745600,
  "wall_time": 316.4979689289994,
  "final_train_loss": 5.822269286215305,
  "val_loss": 5.724600220903938,
  "val_perplexity": 306.31078411391087,
  "loss_history": [
    8.84332020431757,
    7.0510913103818895,
    6.7579771935939785,
    6.523296982049942,
    6.3487392023205755,
    6.223694480955601,
    6.132617916166782,
    6.05970862954855,
    5.983485788106918,
    5.9256347745656965,
    5.8906297326087955,
    5.857823620736599,
    5.861192348599434,
    5.810460448265076,
    5.822269286215305
  ]
}