{
  "model": "Memora",
  "steps": 60,
  "tokens_seen": 983040,
  "wall_time": 56.51279142499993,
  "final_train_loss": 7.51598225235939,
  "val_loss": 7.493240035948206,
  "val_perplexity": 1795.8613309601556,
  "loss_history": [
    9.12552302479744,
    7.583141362667083,
    7.51598225235939
  ]
}