{
  "model": "Memora",
  "steps": 100,
  "tokens_seen": 1638400,
  "wall_time": 52.23017662499842,
  "final_train_loss": 7.5280415415763855,
  "val_loss": 7.485180346171061,
  "val_perplexity": 1781.445417680666,
  "loss_history": [
    9.153974366188049,
    7.610914814472198,
    7.536550343036652,
    7.553085684776306,
    7.5280415415763855
  ]
}