{
  "model": "GPT-2 Small",
  "steps": 100,
  "tokens_seen": 2048000,
  "wall_time": 36.07298539000112,
  "final_train_loss": 6.800197780132294,
  "val_loss": 6.738153613343531,
  "val_perplexity": 844.0009442234807,
  "loss_history": [
    9.073952639102936,
    7.213681000471115,
    6.992025935649872,
    6.857356137037277,
    6.800197780132294
  ]
}