{
  "model": "Cortex",
  "steps": 300,
  "tokens_seen": 14745600,
  "wall_time": 563.8935632100001,
  "final_train_loss": 6.476611870527267,
  "val_loss": 6.392164483482455,
  "val_perplexity": 597.147698210949,
  "loss_history": [
    8.617876067757607,
    7.592264384031296,
    7.53705285191536,
    7.516190418601036,
    7.442562398314476,
    7.234868952631951,
    7.0029631331563,
    6.8606286033987995,
    6.758049502968788,
    6.696398282051087,
    6.610733996331692,
    6.560380633175373,
    6.516943515837193,
    6.50647738724947,
    6.476611870527267
  ]
}