{
  "model": "Memora",
  "steps": 300,
  "tokens_seen": 14745600,
  "wall_time": 434.1046368410007,
  "final_train_loss": 5.468916077911854,
  "val_loss": 5.399974493332851,
  "val_perplexity": 221.40076893644618,
  "loss_history": [
    9.804515200853348,
    7.380089624226093,
    6.827484121918678,
    6.521646384894848,
    6.281796450912952,
    6.123958532512188,
    5.985044586658478,
    5.870134352147579,
    5.775169889628887,
    5.67931219637394,
    5.634435050189495,
    5.557635088264942,
    5.535298968851566,
    5.482987162470818,
    5.468916077911854
  ]
}