{
  "model": "MemoraGLA",
  "steps": 300,
  "tokens_seen": 14745600,
  "wall_time": 419.5035330050014,
  "final_train_loss": 5.704180519282818,
  "val_loss": 5.656045619352364,
  "val_perplexity": 286.01538965434185,
  "loss_history": [
    9.378578659892082,
    7.4199387460947035,
    7.011912406980992,
    6.790613235533238,
    6.577320167422295,
    6.390943238139153,
    6.253454920649529,
    6.117081567645073,
    6.006219758093357,
    5.909705601632595,
    5.861177708208561,
    5.797694700956344,
    5.775314825773239,
    5.745014698803425,
    5.704180519282818
  ]
}