{
  "model": "Memora",
  "steps": 300,
  "tokens_seen": 14745600,
  "wall_time": 402.7091354540007,
  "final_train_loss": 5.695995612442493,
  "val_loss": 5.620880438957685,
  "val_perplexity": 276.13239395815,
  "loss_history": [
    9.511538903415204,
    7.441868941485882,
    7.056173422932625,
    6.813029278814793,
    6.5951397836208345,
    6.384865042567253,
    6.240857373178005,
    6.122541651129723,
    6.022931721806526,
    5.921731387078762,
    5.873984678089618,
    5.7846326813101765,
    5.761130364239216,
    5.729933013021946,
    5.695995612442493
  ]
}