{
  "model_name": "DeepSeek",
  "steps": 300,
  "tokens_seen": 14745600,
  "wall_time": 589.4546386530001,
  "final_train_loss": 5.472184944152832,
  "val_loss": 5.358681825943935,
  "val_perplexity": 212.44472267648896,
  "loss_history": [
    9.014090156555175,
    7.029568505287171,
    6.759826755523681,
    6.483107018470764,
    6.242484164237976,
    6.052555179595947,
    5.938831257820129,
    5.82478437423706,
    5.723006701469421,
    5.638897848129273,
    5.607272839546203,
    5.533035802841186,
    5.521070790290833,
    5.481446981430054,
    5.472184944152832
  ],
  "params_M": 125.7
}