{
  "model_name": "Effy",
  "steps": 300,
  "tokens_seen": 14745600,
  "wall_time": 986.7171624330003,
  "final_train_loss": 5.815198408067227,
  "val_loss": 5.74422068654755,
  "val_perplexity": 312.3800909394458,
  "loss_history": [
    8.975428584218026,
    7.137007755041123,
    6.832977895438671,
    6.605800049006939,
    6.411999395489692,
    6.261932653188706,
    6.152354477345943,
    6.103393179178238,
    6.025228427350521,
    5.9649990305304526,
    5.9183804675936695,
    5.853800602257252,
    5.855103681981563,
    5.825942289829254,
    5.815198408067227
  ],
  "params_M": 123.7
}