{
  "model_name": "Effy",
  "steps": 300,
  "tokens_seen": 14745600,
  "wall_time": 408.07886993800093,
  "final_train_loss": 5.818329526484012,
  "val_loss": 5.747390340875696,
  "val_perplexity": 313.3717987018362,
  "loss_history": [
    8.881114347279071,
    7.074951088428497,
    6.7963407471776005,
    6.568702128529549,
    6.391274105012417,
    6.270928110182285,
    6.143338792026043,
    6.076973402500153,
    6.011290617287159,
    5.971688960492611,
    5.925465956330299,
    5.897741188108921,
    5.869864672422409,
    5.853966473042965,
    5.818329526484012
  ],
  "params_M": 123.7
}