{
  "model_name": "Oneira",
  "steps": 300,
  "tokens_seen": 14745600,
  "wall_time": 1594.0070989820015,
  "final_train_loss": 5.733679077029228,
  "val_loss": 5.665004424106928,
  "val_perplexity": 288.58925786352603,
  "loss_history": [
    9.137928776443005,
    7.94989279806614,
    7.194314615428448,
    6.9183207377791405,
    6.679823468625545,
    6.475668662786484,
    6.315075396001339,
    6.1750662729144095,
    6.050790612399578,
    5.972336845099926,
    5.883895866572857,
    5.82657994478941,
    5.788550867140293,
    5.750632344186306,
    5.733679077029228
  ],
  "params_M": 159.6
}